{
    "display": {
        "title": "Cryo-Bomb 0.7           ",
        "description": "Place blue ice on a magma block to create a Cryo-Bomb. \nTurns lava to basalt and water to ice. \nStanding to close will hurt!",
        "icon": {
            "item": "minecraft:magma_block"
        },
        "announce_to_chat": false,
        "show_toast": false
    },
    "parent": "main:main/cryo",
    "criteria": {
        "trigger": {
            "trigger": "minecraft:tick"
        }
    }
}